Required Skills,Min Experience (Years),Location,Company Name
"Python, Machine Learning, Data Analysis",3,Remote,Tech Innovators Inc.
"Java, Spring Boot, REST APIs",5,Hybrid,Code Masters LLC
"SQL, Tableau, Data Visualization",2,Local,Analytics Pro
"JavaScript, React, Node.js",4,Remote,Web Wizards
"AWS, DevOps, CI/CD",6,Hybrid,Cloud Solutions Co.
"C++, Embedded Systems, IoT",3,Local,Hardware Experts
"Project Management, Agile, Scrum",7,Hybrid,Management Leaders
"Cybersecurity, Penetration Testing, Firewalls",5,Remote,Secure Networks Inc.
"Salesforce, CRM, Business Analysis",4,Local,CRM Specialists
"TensorFlow, Deep Learning, Python",3,Hybrid,AI Pioneers
